Total budget,Pääluokan nimi,Menoluvun nimi,Menomomentin nimi,total
Koko budjetti,EDUSKUNTA,Kansanedustajat,Kansanedustajien toimintamenot,23865000
Koko budjetti,EDUSKUNTA,Eduskunnan kanslia,Eduskunnan kanslian toimintamenot,65640000
Koko budjetti,EDUSKUNTA,Eduskunnan kanslia,Arvonlisäveromenot,6200000
Koko budjetti,EDUSKUNTA,Eduskunnan kanslia,Avustajatuki eduskuntaryhmille,7220000
Koko budjetti,EDUSKUNTA,Eduskunnan kanslia,Tietohallinnon laitehankinnat ja kehittämishankkeet,4500000
Koko budjetti,EDUSKUNTA,Eduskunnan oikeusasiamies,Eduskunnan oikeusasiamiehen kanslian toimintamenot,9455000
Koko budjetti,EDUSKUNTA,Ulkopoliittinen instituutti,Ulkopoliittisen instituutin toimintamenot,4827000
Koko budjetti,EDUSKUNTA,Ulkopoliittinen instituutti,Arvonlisäveromenot,260000
Koko budjetti,EDUSKUNTA,Valtiontalouden tarkastusvirasto,Valtiontalouden tarkastusviraston toimintamenot,17585000
Koko budjetti,EDUSKUNTA,Valtiontalouden tarkastusvirasto,Arvonlisäveromenot,700000
Koko budjetti,EDUSKUNTA,Eduskunnan muut menot,Eduskuntaryhmien ryhmäkanslioiden tukeminen,5175000
Koko budjetti,TASAVALLAN PRESIDENTTI,Tasavallan presidentti,Tasavallan presidentin palkkio,154000
Koko budjetti,TASAVALLAN PRESIDENTTI,Tasavallan presidentin kanslia,Tasavallan presidentin kanslian toimintamenot,8977000
Koko budjetti,TASAVALLAN PRESIDENTTI,Tasavallan presidentin kanslia,Entisten tasavallan presidenttien menot,700000
Koko budjetti,TASAVALLAN PRESIDENTTI,Tasavallan presidentin kanslia,Vierailuista ja kokousmatkoista aiheutuvat menot,2550000
Koko budjetti,TASAVALLAN PRESIDENTTI,Tasavallan presidentin kanslia,Arvonlisäveromenot,10000000
Koko budjetti,TASAVALLAN PRESIDENTTI,Tasavallan presidentin kanslia,Perusparannukset,25000000
Koko budjetti,VALTIONEUVOSTON KANSLIA,Hallinto,Valtioneuvoston kanslian toimintamenot,165769000
Koko budjetti,VALTIONEUVOSTON KANSLIA,Hallinto,Ministereiden heidän valtiosihteeriensä ja erityisavustajiensa palkkaukset,15597000
Koko budjetti,VALTIONEUVOSTON KANSLIA,Hallinto,Euroopan unionin kansallisten asiantuntijoiden palkkamenot,2480000
Koko budjetti,VALTIONEUVOSTON KANSLIA,Hallinto,Yhdenvertaisuutta tasa-arvoa ja syrjimättömyyttä koskevan tiedonannon toimeenpano,2000000
Koko budjetti,VALTIONEUVOSTON KANSLIA,Hallinto,Valtioneuvoston selvitys- ja tutkimustoiminta,0
Koko budjetti,VALTIONEUVOSTON KANSLIA,Hallinto,Terveet tilat 2028,0
Koko budjetti,VALTIONEUVOSTON KANSLIA,Hallinto,Saamelaisten totuus- ja sovintoprosessin edistäminen,1358000
Koko budjetti,VALTIONEUVOSTON KANSLIA,Hallinto,Kuurojen totuus- ja sovintoprosessi,0
Koko budjetti,VALTIONEUVOSTON KANSLIA,Hallinto,Arvonlisäveromenot,19000000
Koko budjetti,VALTIONEUVOSTON KANSLIA,Hallinto,Valtionavut Eurooppatiedotukseen,445000
Koko budjetti,VALTIONEUVOSTON KANSLIA,Omistajaohjaus,Osakehankinnat,5700000
Koko budjetti,VALTIONEUVOSTON KANSLIA,Poliittisen toiminnan avustaminen,Puoluetoiminnan tukeminen,34566000
Koko budjetti,VALTIONEUVOSTON KANSLIA,Oikeuskanslerinvirasto,Oikeuskanslerinviraston toimintamenot,4564000
Koko budjetti,VALTIONEUVOSTON KANSLIA,Muut menot,Kunniamerkit,700000
Koko budjetti,VALTIONEUVOSTON KANSLIA,Muut menot,Osallistumismaksut ja maksuosuudet Euroopan hybridiuhkien torjunnan osaamiskeskukselle,2040000
Koko budjetti,ULKOMINISTERIÖN HALLINNONALA,Ulkoasiainhallinto,Ulkoasiainhallinnon toimintamenot,256050000
Koko budjetti,ULKOMINISTERIÖN HALLINNONALA,Ulkoasiainhallinto,Tiede- ja kulttuuri-instituuttikiinteistöjen menot,1102000
Koko budjetti,ULKOMINISTERIÖN HALLINNONALA,Ulkoasiainhallinto,Ulkoministeriön hallinnonalan arvonlisäveromenot,14220000
Koko budjetti,ULKOMINISTERIÖN HALLINNONALA,Ulkoasiainhallinto,Talonrakennukset,12000000
Koko budjetti,ULKOMINISTERIÖN HALLINNONALA,Kriisinhallinta,Suomalaisten kriisinhallintajoukkojen ylläpitomenot,53080000
Koko budjetti,ULKOMINISTERIÖN HALLINNONALA,Kriisinhallinta,Siviilihenkilöstön osallistuminen kriisinhallintaan,19523000
Koko budjetti,ULKOMINISTERIÖN HALLINNONALA,Kriisinhallinta,Rauhanvälitys,3900000
Koko budjetti,ULKOMINISTERIÖN HALLINNONALA,Kriisinhallinta,CMI:n Rauhanrahaston pääoman korottaminen,5000000
Koko budjetti,ULKOMINISTERIÖN HALLINNONALA,Kansainvälinen kehitysyhteistyö,Valtionapu Teollisen yhteistyön rahasto Oy:lle,0
Koko budjetti,ULKOMINISTERIÖN HALLINNONALA,Kansainvälinen kehitysyhteistyö,Varsinainen kehitysyhteistyö,628586000
Koko budjetti,ULKOMINISTERIÖN HALLINNONALA,Kansainvälinen kehitysyhteistyö,Demokratia- ja oikeusvaltiotuki,2904000
Koko budjetti,ULKOMINISTERIÖN HALLINNONALA,Kansainvälinen kehitysyhteistyö,Tuki Ukrainalle,32821000
Koko budjetti,ULKOMINISTERIÖN HALLINNONALA,Kansainvälinen kehitysyhteistyö,Finnfundin (Teollisen yhteistyön rahasto Oy) pääoman korottaminen,35000000
Koko budjetti,ULKOMINISTERIÖN HALLINNONALA,Kansainvälinen kehitysyhteistyö,Kehityspoliittiset lainat ja sijoitukset,69730000
Koko budjetti,ULKOMINISTERIÖN HALLINNONALA,Ulkoministeriön hallinnonalan muut menot,Itämeren Barentsin ja arktisen alueen yhteistyö,1600000
Koko budjetti,ULKOMINISTERIÖN HALLINNONALA,Ulkoministeriön hallinnonalan muut menot,Etyj-puheenjohtajuus,2840000
Koko budjetti,ULKOMINISTERIÖN HALLINNONALA,Ulkoministeriön hallinnonalan muut menot,Eräät valtionavut,1321000
Koko budjetti,ULKOMINISTERIÖN HALLINNONALA,Ulkoministeriön hallinnonalan muut menot,Hädänalaisten avustaminen,45000
Koko budjetti,ULKOMINISTERIÖN HALLINNONALA,Ulkoministeriön hallinnonalan muut menot,Eräät jäsenmaksut ja rahoitusosuudet,149575000
Koko budjetti,ULKOMINISTERIÖN HALLINNONALA,Ulkoministeriön hallinnonalan muut menot,Pääomasijoitus Instex S.A.S.:lle,0
Koko budjetti,ULKOMINISTERIÖN HALLINNONALA,Ulkoministeriön hallinnonalan muut menot,Kurssivaihtelut,500000
Koko budjetti,OIKEUSMINISTERIÖN HALLINNONALA,Ministeriö ja hallinto,Oikeusministeriön toimintamenot,25198000
Koko budjetti,OIKEUSMINISTERIÖN HALLINNONALA,Ministeriö ja hallinto,Oikeusministeriön yhteydessä toimivien viranomaisten toimintamenot,18239000
Koko budjetti,OIKEUSMINISTERIÖN HALLINNONALA,Ministeriö ja hallinto,Oikeusrekisterikeskuksen toimintamenot,10110000
Koko budjetti,OIKEUSMINISTERIÖN HALLINNONALA,Ministeriö ja hallinto,Erityismenot,13943000
Koko budjetti,OIKEUSMINISTERIÖN HALLINNONALA,Ministeriö ja hallinto,Oikeusministeriön hallinnonalan tuottavuusmääräraha,1735000
Koko budjetti,OIKEUSMINISTERIÖN HALLINNONALA,Ministeriö ja hallinto,Oikeusministeriön hallinnonalan ICT-kehittäminen,20120000
Koko budjetti,OIKEUSMINISTERIÖN HALLINNONALA,Ministeriö ja hallinto,Kuurojen totuus- ja sovintoprosessi,1223000
Koko budjetti,OIKEUSMINISTERIÖN HALLINNONALA,Ministeriö ja hallinto,Oikeusministeriön hallinnonalan arvonlisäveromenot,51510000
Koko budjetti,OIKEUSMINISTERIÖN HALLINNONALA,Ministeriö ja hallinto,Avustukset,15078000
Koko budjetti,OIKEUSMINISTERIÖN HALLINNONALA,Ministeriö ja hallinto,Eräät valtion maksamat korvaukset,19000000
Koko budjetti,OIKEUSMINISTERIÖN HALLINNONALA,Ministeriö ja hallinto,Kansainväliset jäsenmaksut ja rahoitusosuudet,457000
Koko budjetti,OIKEUSMINISTERIÖN HALLINNONALA,Tuomioistuimet,Korkeimman oikeuden toimintamenot,9789000
Koko budjetti,OIKEUSMINISTERIÖN HALLINNONALA,Tuomioistuimet,Korkeimman hallinto-oikeuden toimintamenot,15320000
Koko budjetti,OIKEUSMINISTERIÖN HALLINNONALA,Tuomioistuimet,Muiden tuomioistuinten toimintamenot,328414000
Koko budjetti,OIKEUSMINISTERIÖN HALLINNONALA,Tuomioistuimet,Oikeusapu- ja edunvalvontapiirien ja kuluttajariitalautakunnan toimintamenot,0
Koko budjetti,OIKEUSMINISTERIÖN HALLINNONALA,Tuomioistuimet,Yksityisille oikeusavustajille maksettavat korvaukset,0
Koko budjetti,OIKEUSMINISTERIÖN HALLINNONALA,Oikeuspalvelut,Oikeusapu- ja edunvalvontapiirien toimintamenot,92964000
Koko budjetti,OIKEUSMINISTERIÖN HALLINNONALA,Oikeuspalvelut,Yksityisille oikeusavustajille maksettavat korvaukset,80410000
Koko budjetti,OIKEUSMINISTERIÖN HALLINNONALA,Maksuhäiriöt ulosotto ja konkurssivalvonta,Ulosottolaitoksen ja konkurssivalvonnan toimintamenot,110012000
Koko budjetti,OIKEUSMINISTERIÖN HALLINNONALA,Maksuhäiriöt ulosotto ja konkurssivalvonta,Ulosoton säilytettävänä olevien varojen korkomenot,0
Koko budjetti,OIKEUSMINISTERIÖN HALLINNONALA,Syyttäjät,Syyttäjälaitoksen toimintamenot,63201000
Koko budjetti,OIKEUSMINISTERIÖN HALLINNONALA,Rangaistusten täytäntöönpano,Rikosseuraamuslaitoksen toimintamenot,284542000
Koko budjetti,OIKEUSMINISTERIÖN HALLINNONALA,Rangaistusten täytäntöönpano,Avolaitostyöt,4700000
Koko budjetti,OIKEUSMINISTERIÖN HALLINNONALA,Vaalimenot,Vaalipiirilautakuntien toimintamenot,5250000
Koko budjetti,OIKEUSMINISTERIÖN HALLINNONALA,Vaalimenot,Vaalimenot,43086000
Koko budjetti,SISÄMINISTERIÖN HALLINNONALA,Hallinto,Sisäministeriön toimintamenot,19410000
Koko budjetti,SISÄMINISTERIÖN HALLINNONALA,Hallinto,Kriisinhallintakeskuksen toimintamenot,2434000
Koko budjetti,SISÄMINISTERIÖN HALLINNONALA,Hallinto,Sisäministeriön hallinnonalan kehittäminen,1432000
Koko budjetti,SISÄMINISTERIÖN HALLINNONALA,Hallinto,EU:n pelastuspalvelumekanismi lääkinnällisten materiaalien CBRN-varastointi,25093000
Koko budjetti,SISÄMINISTERIÖN HALLINNONALA,Hallinto,Öljy- ja kemikaalivahinkojen torjunta,5500000
Koko budjetti,SISÄMINISTERIÖN HALLINNONALA,Hallinto,EU:n osuus sisäisen turvallisuuden ja maahanmuuton hallintaan ohjelmakaudella 2021&mdash;2027,9713000
Koko budjetti,SISÄMINISTERIÖN HALLINNONALA,Hallinto,EU:n pelastuspalvelumekanismi CBRN-varastointi,114851000
Koko budjetti,SISÄMINISTERIÖN HALLINNONALA,Hallinto,Sisäministeriön hallinnonalan arvonlisäveromenot,231400000
Koko budjetti,SISÄMINISTERIÖN HALLINNONALA,Hallinto,Eräät avustukset,3775000
Koko budjetti,SISÄMINISTERIÖN HALLINNONALA,Hallinto,Kansainvälisten järjestöjen jäsenmaksut ja maksuosuudet ulkomaille,1000000
Koko budjetti,SISÄMINISTERIÖN HALLINNONALA,Poliisitoimi,Poliisitoimen toimintamenot,946436000
Koko budjetti,SISÄMINISTERIÖN HALLINNONALA,Poliisitoimi,Suojelupoliisin toimintamenot,66752000
Koko budjetti,SISÄMINISTERIÖN HALLINNONALA,Poliisitoimi,Maasta poistamis- ja noutokuljetuksista aiheutuvat menot,6668000
Koko budjetti,SISÄMINISTERIÖN HALLINNONALA,Poliisitoimi,KEJO-hankkeen yhteiset menot,0
Koko budjetti,SISÄMINISTERIÖN HALLINNONALA,Rajavartiolaitos,Rajavartiolaitoksen toimintamenot,333649000
Koko budjetti,SISÄMINISTERIÖN HALLINNONALA,Rajavartiolaitos,Rajavartiolaitoksen investoinnit,179000000
Koko budjetti,SISÄMINISTERIÖN HALLINNONALA,Pelastustoimi ja hätäkeskustoiminta,Pelastustoimen toimintamenot,4605000
Koko budjetti,SISÄMINISTERIÖN HALLINNONALA,Pelastustoimi ja hätäkeskustoiminta,Hätäkeskuslaitoksen toimintamenot,77057000
Koko budjetti,SISÄMINISTERIÖN HALLINNONALA,Pelastustoimi ja hätäkeskustoiminta,Pelastusopiston toimintamenot,20445000
Koko budjetti,SISÄMINISTERIÖN HALLINNONALA,Pelastustoimi ja hätäkeskustoiminta,Erityismenot,4000000
Koko budjetti,SISÄMINISTERIÖN HALLINNONALA,Maahanmuutto,Maahanmuuttoviraston ja valtion vastaanottokeskusten toimintamenot,101962000
Koko budjetti,SISÄMINISTERIÖN HALLINNONALA,Maahanmuutto,Pakolaisten ja turvapaikanhakijoiden vastaanotto,320570000
Koko budjetti,SISÄMINISTERIÖN HALLINNONALA,Maahanmuutto,Vapaaehtoinen paluu,2318000
Koko budjetti,SISÄMINISTERIÖN HALLINNONALA,Maahanmuutto,Vastaanottotoiminnan asiakkaille maksettavat tuet,100726000
Koko budjetti,PUOLUSTUSMINISTERIÖN HALLINNONALA,Puolustuspolitiikka ja hallinto,Puolustusministeriön toimintamenot,17856000
Koko budjetti,PUOLUSTUSMINISTERIÖN HALLINNONALA,Puolustuspolitiikka ja hallinto,Puolustusministeriön hallinnonalan tuottavuusmääräraha,2875000
Koko budjetti,PUOLUSTUSMINISTERIÖN HALLINNONALA,Puolustuspolitiikka ja hallinto,Puolustusministeriön hallinnonalan arvonlisäveromenot,450085000
Koko budjetti,PUOLUSTUSMINISTERIÖN HALLINNONALA,Puolustuspolitiikka ja hallinto,Jäsenmaksut ja rahoitusosuudet,22567000
Koko budjetti,PUOLUSTUSMINISTERIÖN HALLINNONALA,Sotilaallinen maanpuolustus,Puolustusvoimien toimintamenot,2357200000
Koko budjetti,PUOLUSTUSMINISTERIÖN HALLINNONALA,Sotilaallinen maanpuolustus,Puolustusmateriaalihankinnat,1544135000
Koko budjetti,PUOLUSTUSMINISTERIÖN HALLINNONALA,Sotilaallinen maanpuolustus,Monitoimihävittäjien hankinta,1502342000
Koko budjetti,PUOLUSTUSMINISTERIÖN HALLINNONALA,Sotilaallinen maanpuolustus,Maanpuolustus- ja veteraanijärjestöjen toiminnan tukeminen,9795000
Koko budjetti,PUOLUSTUSMINISTERIÖN HALLINNONALA,Sotilaallinen kriisinhallinta,Sotilaallisen kriisinhallinnan kalusto- ja hallintomenot,66110000
Koko budjetti,PUOLUSTUSMINISTERIÖN HALLINNONALA,Sotilaallinen kriisinhallinta,Kurssivaihtelut,10000
Koko budjetti,VALTIOVARAINMINISTERIÖN HALLINNONALA,Hallinto,Valtiovarainministeriön toimintamenot,40983000
Koko budjetti,VALTIOVARAINMINISTERIÖN HALLINNONALA,Hallinto,Valtion kiinteistöstrategian toteuttaminen,145000
Koko budjetti,VALTIOVARAINMINISTERIÖN HALLINNONALA,Hallinto,Valtiovarainministeriön hallinnonalan tuottavuusmääräraha,2306000
Koko budjetti,VALTIOVARAINMINISTERIÖN HALLINNONALA,Hallinto,Metallirahamenot,210000
Koko budjetti,VALTIOVARAINMINISTERIÖN HALLINNONALA,Hallinto,Valtiovarainministeriön hallinnonalan arvonlisäveromenot,162000000
Koko budjetti,VALTIOVARAINMINISTERIÖN HALLINNONALA,Hallinto,Elpymis- ja palautumissuunnitelman rahoitus työkykyhankkeeseen,1500000
Koko budjetti,VALTIOVARAINMINISTERIÖN HALLINNONALA,Hallinto,Kansainvälisten järjestöjen jäsenmaksut ja rahoitusosuudet,1200000
Koko budjetti,VALTIOVARAINMINISTERIÖN HALLINNONALA,Hallinto,Suomen Pankin eräiden sijoitustuottojen siirto Kreikan valtiolle,1910000
Koko budjetti,VALTIOVARAINMINISTERIÖN HALLINNONALA,Verotus ja tulli,Verohallinnon toimintamenot,425043000
Koko budjetti,VALTIOVARAINMINISTERIÖN HALLINNONALA,Verotus ja tulli,Tullin toimintamenot,207749000
Koko budjetti,VALTIOVARAINMINISTERIÖN HALLINNONALA,Verotus ja tulli,Kansallisen tulorekisterin toimintamenot,43254000
Koko budjetti,VALTIOVARAINMINISTERIÖN HALLINNONALA,Verotus ja tulli,Takaisin maksetut verot,2000000
Koko budjetti,VALTIOVARAINMINISTERIÖN HALLINNONALA,Verotus ja tulli,Verotukseen liittyvät korkomenot,23200000
Koko budjetti,VALTIOVARAINMINISTERIÖN HALLINNONALA,Verotus ja tulli,Autoveron vientipalautus,10000000
Koko budjetti,VALTIOVARAINMINISTERIÖN HALLINNONALA,Palvelut valtioyhteisölle,Valtiokonttorin toimintamenot,36180000
Koko budjetti,VALTIOVARAINMINISTERIÖN HALLINNONALA,Palvelut valtioyhteisölle,Keskitettyjen valuuttatilien kurssierot,600000
Koko budjetti,VALTIOVARAINMINISTERIÖN HALLINNONALA,Palvelut valtioyhteisölle,Huoltovarmuuspankin palvelumaksu,1700000
Koko budjetti,VALTIOVARAINMINISTERIÖN HALLINNONALA,Palvelut valtioyhteisölle,Valtion talous- ja henkilöstöhallinnon palvelukeskuksen toimintamenot,6447000
Koko budjetti,VALTIOVARAINMINISTERIÖN HALLINNONALA,Palvelut valtioyhteisölle,Valtion tieto- ja viestintätekniikkakeskuksen toimintamenot,5000000
Koko budjetti,VALTIOVARAINMINISTERIÖN HALLINNONALA,Palvelut valtioyhteisölle,Valtion tieto- ja viestintätekniikkakeskuksen investointimenot,15000000
Koko budjetti,VALTIOVARAINMINISTERIÖN HALLINNONALA,Palvelut valtioyhteisölle,Verkkomaksaminen,500000
Koko budjetti,VALTIOVARAINMINISTERIÖN HALLINNONALA,Palvelut valtioyhteisölle,Senaatti-konsernin liikelaitokset,0
Koko budjetti,VALTIOVARAINMINISTERIÖN HALLINNONALA,Tilastotoimi taloudellinen tutkimus ja rekisterihallinto,Tilastokeskuksen toimintamenot,54720000
Koko budjetti,VALTIOVARAINMINISTERIÖN HALLINNONALA,Tilastotoimi taloudellinen tutkimus ja rekisterihallinto,Valtion taloudellisen tutkimuskeskuksen toimintamenot,4989000
Koko budjetti,VALTIOVARAINMINISTERIÖN HALLINNONALA,Tilastotoimi taloudellinen tutkimus ja rekisterihallinto,Digi- ja väestötietoviraston toimintamenot,63464000
Koko budjetti,VALTIOVARAINMINISTERIÖN HALLINNONALA,Tilastotoimi taloudellinen tutkimus ja rekisterihallinto,Sähköinen tunnistautuminen,8000000
Koko budjetti,VALTIOVARAINMINISTERIÖN HALLINNONALA,Valtion alue- ja paikallishallinto,Aluehallintoviraston toimintamenot,70493000
Koko budjetti,VALTIOVARAINMINISTERIÖN HALLINNONALA,Valtion alue- ja paikallishallinto,Palvelurakenteiden ja valtion hallintorakenteiden kehittäminen,2016000
Koko budjetti,VALTIOVARAINMINISTERIÖN HALLINNONALA,Eläkkeet ja korvaukset,Eläkkeet,5594611000
Koko budjetti,VALTIOVARAINMINISTERIÖN HALLINNONALA,Eläkkeet ja korvaukset,Ylimääräiset eläkkeet ja muut eläkemenot,2872000
Koko budjetti,VALTIOVARAINMINISTERIÖN HALLINNONALA,Eläkkeet ja korvaukset,Vahingonkorvaukset,39590000
Koko budjetti,VALTIOVARAINMINISTERIÖN HALLINNONALA,Eläkkeet ja korvaukset,Muiden eläkelaitosten vastattavaksi kuuluvat eläkemenot,365747000
Koko budjetti,VALTIOVARAINMINISTERIÖN HALLINNONALA,Eläkkeet ja korvaukset,Muiden eläkelaitosten valtion puolesta maksamien eläkemenojen ja valtiolle maksamien ennakoiden korkomenot,34522000
Koko budjetti,VALTIOVARAINMINISTERIÖN HALLINNONALA,Valtionhallinnon yhteiset henkilöstömenot,Erikseen budjetoidut henkilöstömenot,2500000
Koko budjetti,VALTIOVARAINMINISTERIÖN HALLINNONALA,Valtionhallinnon yhteiset henkilöstömenot,Työturvallisuuden edistäminen,1010000
Koko budjetti,VALTIOVARAINMINISTERIÖN HALLINNONALA,Valtionhallinnon yhteiset henkilöstömenot,Osaamisen kehittäminen,12000000
Koko budjetti,VALTIOVARAINMINISTERIÖN HALLINNONALA,Valtionhallinnon kehittäminen,Julkisen hallinnon ICT:n ohjaus ja kehittäminen,10270000
Koko budjetti,VALTIOVARAINMINISTERIÖN HALLINNONALA,Valtionhallinnon kehittäminen,Valtion talous- henkilöstö- ja toimitilahallinnon tietojärjestelmät,4350000
Koko budjetti,VALTIOVARAINMINISTERIÖN HALLINNONALA,Valtionhallinnon kehittäminen,Sosiaali- ja terveydenhuollon  sekä pelastustoimen uudistuksen valmistelun ja toimeenpanon tuki ja ohjaus,105100000
Koko budjetti,VALTIOVARAINMINISTERIÖN HALLINNONALA,Valtionhallinnon kehittäminen,Eräät Pohjois-Atlantin puolustusliitto NATO:n  jäsenyydestä aiheutuvat menot,0
Koko budjetti,VALTIOVARAINMINISTERIÖN HALLINNONALA,Valtionhallinnon kehittäminen,Tuottavuuden edistäminen,3658000
Koko budjetti,VALTIOVARAINMINISTERIÖN HALLINNONALA,Valtionhallinnon kehittäminen,Valtionavustustoiminnan kehittämis- ja digitalisointihanke,0
Koko budjetti,VALTIOVARAINMINISTERIÖN HALLINNONALA,Valtionhallinnon kehittäminen,Turvallisuusviranomaisten viestintäverkot,27800000
Koko budjetti,VALTIOVARAINMINISTERIÖN HALLINNONALA,Siirrot Ahvenanmaan maakunnalle,Ahvenanmaan tasoitusmaksu,204801000
Koko budjetti,VALTIOVARAINMINISTERIÖN HALLINNONALA,Siirrot Ahvenanmaan maakunnalle,Ahvenanmaan verotasoitus,114700000
Koko budjetti,VALTIOVARAINMINISTERIÖN HALLINNONALA,Siirrot Ahvenanmaan maakunnalle,Elpymis- ja palautumisvälineen rahoitus Ahvenanmaan maakunnalle,700000
Koko budjetti,VALTIOVARAINMINISTERIÖN HALLINNONALA,Hyvinvointialueiden ja HUS-yhtymän rahoitus,Hyvinvointialueiden ja HUS-yhtymän sosiaali- ja terveydenhuollon sekä pelastustoimen rahoitus,24614871000
Koko budjetti,VALTIOVARAINMINISTERIÖN HALLINNONALA,Hyvinvointialueiden ja HUS-yhtymän rahoitus,Hyvinvointialueiden lisärahoitus,1000000
Koko budjetti,VALTIOVARAINMINISTERIÖN HALLINNONALA,Kuntien tukeminen,Valtionosuus kunnille peruspalvelujen järjestämiseen,2490325000
Koko budjetti,VALTIOVARAINMINISTERIÖN HALLINNONALA,Kuntien tukeminen,Kuntien yhdistymisen taloudellinen tuki,11400000
Koko budjetti,VALTIOVARAINMINISTERIÖN HALLINNONALA,Kuntien tukeminen,Valtion korvaus kunnille veroperustemuutoksista aiheutuvista verotulojen menetyksistä,848000000
Koko budjetti,VALTIOVARAINMINISTERIÖN HALLINNONALA,Työllisyyden ja elinkeinoelämän tukeminen,Energiaverotuki,70000000
Koko budjetti,VALTIOVARAINMINISTERIÖN HALLINNONALA,Työllisyyden ja elinkeinoelämän tukeminen,Lainat ja takaukset sähkön johdannaismarkkinoilla toimiville yhteisöille,0
Koko budjetti,VALTIOVARAINMINISTERIÖN HALLINNONALA,EU ja kansainväliset järjestöt,Rahoitusvakausviraston toimintamenot,8080000
Koko budjetti,VALTIOVARAINMINISTERIÖN HALLINNONALA,EU ja kansainväliset järjestöt,Euroopan unionin osallistuminen matkamenojen korvauksiin,1400000
Koko budjetti,VALTIOVARAINMINISTERIÖN HALLINNONALA,EU ja kansainväliset järjestöt,Isäntämaakorvaus Pohjoismaiden Investointipankille,13800000
Koko budjetti,VALTIOVARAINMINISTERIÖN HALLINNONALA,EU ja kansainväliset järjestöt,Ukrainan makrotaloudellisen rahoitusavun korkomenot,10000000
Koko budjetti,VALTIOVARAINMINISTERIÖN HALLINNONALA,EU ja kansainväliset järjestöt,Kansainvälisille rahoituslaitoksille annettujen sitoumusten lunastaminen,10000
Koko budjetti,VALTIOVARAINMINISTERIÖN HALLINNONALA,EU ja kansainväliset järjestöt,Suomen osuus Kansainvälisen jälleenrakennus- ja kehityspankin sekä Kansainvälisen rahoitusyhtiön peruspääoman korottamisesta,6200000
Koko budjetti,VALTIOVARAINMINISTERIÖN HALLINNONALA,EU ja kansainväliset järjestöt,Maksut Euroopan unionille,2286000000
Koko budjetti,VALTIOVARAINMINISTERIÖN HALLINNONALA,EU ja kansainväliset järjestöt,Valtion takaus- ja takuusuoritukset,12080000
Koko budjetti,VALTIOVARAINMINISTERIÖN HALLINNONALA,Erikseen budjetoidut valtionhallinnon menot,Satunnaiset säädösperusteiset menot,300000
Koko budjetti,VALTIOVARAINMINISTERIÖN HALLINNONALA,Erikseen budjetoidut valtionhallinnon menot,Ennakoimattomat menot,2000000
Koko budjetti,VALTIOVARAINMINISTERIÖN HALLINNONALA,Erikseen budjetoidut valtionhallinnon menot,Valtion saatavien turvaaminen,300000
Koko budjetti,VALTIOVARAINMINISTERIÖN HALLINNONALA,Erikseen budjetoidut valtionhallinnon menot,Kassasijoitusten riskienhallinta,26000
Koko budjetti,OPETUS- JA KULTTUURIMINISTERIÖN HALLINNONALA,Hallinto kirkollisasiat ja toimialan yhteiset menot,Opetus- ja kulttuuriministeriön toimintamenot,24506000
Koko budjetti,OPETUS- JA KULTTUURIMINISTERIÖN HALLINNONALA,Hallinto kirkollisasiat ja toimialan yhteiset menot,Opetushallituksen toimintamenot,66334000
Koko budjetti,OPETUS- JA KULTTUURIMINISTERIÖN HALLINNONALA,Hallinto kirkollisasiat ja toimialan yhteiset menot,Opetushallituksen yhteydessä toimivien viranomaisten toimintamenot,12675000
Koko budjetti,OPETUS- JA KULTTUURIMINISTERIÖN HALLINNONALA,Hallinto kirkollisasiat ja toimialan yhteiset menot,Jatkuvan oppimisen ja työllisyyden palvelukeskuksen toimintamenot,15840000
Koko budjetti,OPETUS- JA KULTTUURIMINISTERIÖN HALLINNONALA,Hallinto kirkollisasiat ja toimialan yhteiset menot,Suomen Akatemian toimintamenot,13539000
Koko budjetti,OPETUS- JA KULTTUURIMINISTERIÖN HALLINNONALA,Hallinto kirkollisasiat ja toimialan yhteiset menot,Kansallisarkiston toimintamenot,22714000
Koko budjetti,OPETUS- JA KULTTUURIMINISTERIÖN HALLINNONALA,Hallinto kirkollisasiat ja toimialan yhteiset menot,Kotimaisten kielten keskuksen toimintamenot,5069000
Koko budjetti,OPETUS- JA KULTTUURIMINISTERIÖN HALLINNONALA,Hallinto kirkollisasiat ja toimialan yhteiset menot,Varastokirjaston toimintamenot,1767000
Koko budjetti,OPETUS- JA KULTTUURIMINISTERIÖN HALLINNONALA,Hallinto kirkollisasiat ja toimialan yhteiset menot,Opintotuen muutoksenhakulautakunnan toimintamenot,681000
Koko budjetti,OPETUS- JA KULTTUURIMINISTERIÖN HALLINNONALA,Hallinto kirkollisasiat ja toimialan yhteiset menot,Taiteen edistämiskeskuksen toimintamenot,6966000
Koko budjetti,OPETUS- JA KULTTUURIMINISTERIÖN HALLINNONALA,Hallinto kirkollisasiat ja toimialan yhteiset menot,Suomenlinnan hoitokunnan toimintamenot,2723000
Koko budjetti,OPETUS- JA KULTTUURIMINISTERIÖN HALLINNONALA,Hallinto kirkollisasiat ja toimialan yhteiset menot,Museoviraston toimintamenot,26491000
Koko budjetti,OPETUS- JA KULTTUURIMINISTERIÖN HALLINNONALA,Hallinto kirkollisasiat ja toimialan yhteiset menot,Saavutettavuuskirjasto Celian toimintamenot,5750000
Koko budjetti,OPETUS- JA KULTTUURIMINISTERIÖN HALLINNONALA,Hallinto kirkollisasiat ja toimialan yhteiset menot,Kansallisen audiovisuaalisen instituutin toimintamenot,7407000
Koko budjetti,OPETUS- JA KULTTUURIMINISTERIÖN HALLINNONALA,Hallinto kirkollisasiat ja toimialan yhteiset menot,Kansainvälinen yhteistyö,2211000
Koko budjetti,OPETUS- JA KULTTUURIMINISTERIÖN HALLINNONALA,Hallinto kirkollisasiat ja toimialan yhteiset menot,Opetus- ja kulttuuriministeriön hallinnonalan arvonlisäveromenot,36282000
Koko budjetti,OPETUS- JA KULTTUURIMINISTERIÖN HALLINNONALA,Hallinto kirkollisasiat ja toimialan yhteiset menot,Lasten ja nuorten harrastustoiminta,14500000
Koko budjetti,OPETUS- JA KULTTUURIMINISTERIÖN HALLINNONALA,Hallinto kirkollisasiat ja toimialan yhteiset menot,Eräät avustukset,1577000
Koko budjetti,OPETUS- JA KULTTUURIMINISTERIÖN HALLINNONALA,Hallinto kirkollisasiat ja toimialan yhteiset menot,Avustukset kirkolliseen ja uskonnolliseen toimintaan,4551000
Koko budjetti,OPETUS- JA KULTTUURIMINISTERIÖN HALLINNONALA,Hallinto kirkollisasiat ja toimialan yhteiset menot,Valtion rahoitus evankelis-luterilaisen kirkon yhteiskunnallisiin tehtäviin,124133000
Koko budjetti,OPETUS- JA KULTTUURIMINISTERIÖN HALLINNONALA,Hallinto kirkollisasiat ja toimialan yhteiset menot,Jatkuvan oppimisen ja osaamisen kehittäminen,6348000
Koko budjetti,OPETUS- JA KULTTUURIMINISTERIÖN HALLINNONALA,Hallinto kirkollisasiat ja toimialan yhteiset menot,Rahoitusosuudet kansainvälisille järjestöille,2246000
Koko budjetti,OPETUS- JA KULTTUURIMINISTERIÖN HALLINNONALA,Varhaiskasvatus esi- ja perusopetus ja vapaa sivistystyö,Valtion yleissivistävän koulutuksen toimintamenot,42099000
Koko budjetti,OPETUS- JA KULTTUURIMINISTERIÖN HALLINNONALA,Varhaiskasvatus esi- ja perusopetus ja vapaa sivistystyö,Perusopetuksen varhaiskasvatuksen ja vapaan sivistystyön yhteiset menot,74750000
Koko budjetti,OPETUS- JA KULTTUURIMINISTERIÖN HALLINNONALA,Varhaiskasvatus esi- ja perusopetus ja vapaa sivistystyö,Valtionosuus ja -avustus esi- ja perusopetuksen ja varhaiskasvatuksen käyttökustannuksiin,524425000
Koko budjetti,OPETUS- JA KULTTUURIMINISTERIÖN HALLINNONALA,Varhaiskasvatus esi- ja perusopetus ja vapaa sivistystyö,Valtionosuus ja -avustus vapaan sivistystyön oppilaitosten käyttökustannuksiin,168313000
Koko budjetti,OPETUS- JA KULTTUURIMINISTERIÖN HALLINNONALA,Varhaiskasvatus esi- ja perusopetus ja vapaa sivistystyö,Valtionavustus järjestöille,9123000
Koko budjetti,OPETUS- JA KULTTUURIMINISTERIÖN HALLINNONALA,Ammatillinen koulutus ja lukiokoulutus,Valtion ammatillisen koulutuksen toimintamenot,8950000
Koko budjetti,OPETUS- JA KULTTUURIMINISTERIÖN HALLINNONALA,Ammatillinen koulutus ja lukiokoulutus,Ammatillisen koulutuksen ja lukiokoulutuksen yhteiset menot,23137000
Koko budjetti,OPETUS- JA KULTTUURIMINISTERIÖN HALLINNONALA,Ammatillinen koulutus ja lukiokoulutus,Valtionosuus ja -avustus ammatilliseen koulutukseen,1081097000
Koko budjetti,OPETUS- JA KULTTUURIMINISTERIÖN HALLINNONALA,Ammatillinen koulutus ja lukiokoulutus,Valtionosuus ja -avustus lukiokoulutuksen käyttökustannuksiin,305178000
Koko budjetti,OPETUS- JA KULTTUURIMINISTERIÖN HALLINNONALA,Korkeakouluopetus ja tutkimus,Suomen Akatemian toimintamenot,0
Koko budjetti,OPETUS- JA KULTTUURIMINISTERIÖN HALLINNONALA,Korkeakouluopetus ja tutkimus,Kansallisarkiston toimintamenot,0
Koko budjetti,OPETUS- JA KULTTUURIMINISTERIÖN HALLINNONALA,Korkeakouluopetus ja tutkimus,Kotimaisten kielten keskuksen toimintamenot,0
Koko budjetti,OPETUS- JA KULTTUURIMINISTERIÖN HALLINNONALA,Korkeakouluopetus ja tutkimus,Varastokirjaston toimintamenot,0
Koko budjetti,OPETUS- JA KULTTUURIMINISTERIÖN HALLINNONALA,Korkeakouluopetus ja tutkimus,Korkeakoululaitoksen ja tieteen yhteiset menot,39249000
Koko budjetti,OPETUS- JA KULTTUURIMINISTERIÖN HALLINNONALA,Korkeakouluopetus ja tutkimus,Valtionrahoitus yliopistojen toimintaan,2173351000
Koko budjetti,OPETUS- JA KULTTUURIMINISTERIÖN HALLINNONALA,Korkeakouluopetus ja tutkimus,Suomen Akatemian tutkimusmäärärahat,403137000
Koko budjetti,OPETUS- JA KULTTUURIMINISTERIÖN HALLINNONALA,Korkeakouluopetus ja tutkimus,Rahapelitoiminnan tuotot tieteen edistämiseen,0
Koko budjetti,OPETUS- JA KULTTUURIMINISTERIÖN HALLINNONALA,Korkeakouluopetus ja tutkimus,Strateginen tutkimusrahoitus,55631000
Koko budjetti,OPETUS- JA KULTTUURIMINISTERIÖN HALLINNONALA,Korkeakouluopetus ja tutkimus,Valtionrahoitus ammattikorkeakoulujen toimintaan,1001570000
Koko budjetti,OPETUS- JA KULTTUURIMINISTERIÖN HALLINNONALA,Korkeakouluopetus ja tutkimus,Tiedepoliittisten tavoitteiden edistäminen,28189000
Koko budjetti,OPETUS- JA KULTTUURIMINISTERIÖN HALLINNONALA,Korkeakouluopetus ja tutkimus,Rahoitusosuudet kansainvälisille järjestöille,27349000
Koko budjetti,OPETUS- JA KULTTUURIMINISTERIÖN HALLINNONALA,Opintotuki,Opintotuen muutoksenhakulautakunnan toimintamenot,0
Koko budjetti,OPETUS- JA KULTTUURIMINISTERIÖN HALLINNONALA,Opintotuki,Opintolainojen valtiontakaus,200000000
Koko budjetti,OPETUS- JA KULTTUURIMINISTERIÖN HALLINNONALA,Opintotuki,Opintoraha ja asumislisä,531600000
Koko budjetti,OPETUS- JA KULTTUURIMINISTERIÖN HALLINNONALA,Opintotuki,Korkeakouluopiskelijoiden ateriatuki,39500000
Koko budjetti,OPETUS- JA KULTTUURIMINISTERIÖN HALLINNONALA,Opintotuki,Koulumatkatuki,104200000
Koko budjetti,OPETUS- JA KULTTUURIMINISTERIÖN HALLINNONALA,Taide ja kulttuuri,Taiteen edistämiskeskuksen toimintamenot,0
Koko budjetti,OPETUS- JA KULTTUURIMINISTERIÖN HALLINNONALA,Taide ja kulttuuri,Suomenlinnan hoitokunnan toimintamenot,0
Koko budjetti,OPETUS- JA KULTTUURIMINISTERIÖN HALLINNONALA,Taide ja kulttuuri,Museoviraston toimintamenot,0
Koko budjetti,OPETUS- JA KULTTUURIMINISTERIÖN HALLINNONALA,Taide ja kulttuuri,Saavutettavuuskirjasto Celian toimintamenot,0
Koko budjetti,OPETUS- JA KULTTUURIMINISTERIÖN HALLINNONALA,Taide ja kulttuuri,Kansallisen audiovisuaalisen instituutin toimintamenot,0
Koko budjetti,OPETUS- JA KULTTUURIMINISTERIÖN HALLINNONALA,Taide ja kulttuuri,Ylimääräiset taiteilija- ja sanomalehtimieseläkkeet,22559000
Koko budjetti,OPETUS- JA KULTTUURIMINISTERIÖN HALLINNONALA,Taide ja kulttuuri,Museoviraston kulttuuri- ja nähtävyyskohteiden tilakustannukset,19416000
Koko budjetti,OPETUS- JA KULTTUURIMINISTERIÖN HALLINNONALA,Taide ja kulttuuri,Taiteen ja kulttuurin yhteiset menot,576000
Koko budjetti,OPETUS- JA KULTTUURIMINISTERIÖN HALLINNONALA,Taide ja kulttuuri,Valtionavustukset yleisten kirjastojen toimintaan,9130000
Koko budjetti,OPETUS- JA KULTTUURIMINISTERIÖN HALLINNONALA,Taide ja kulttuuri,Valtionosuus ja -avustus esittävän taiteen ja museoiden käyttökustannuksiin,157627000
Koko budjetti,OPETUS- JA KULTTUURIMINISTERIÖN HALLINNONALA,Taide ja kulttuuri,Valtionosuus ja -avustus taiteen perusopetuksen käyttökustannuksiin,96619000
Koko budjetti,OPETUS- JA KULTTUURIMINISTERIÖN HALLINNONALA,Taide ja kulttuuri,Korvaus Suomenlinnan huoltoliikenteen käyttötappioon,252000
Koko budjetti,OPETUS- JA KULTTUURIMINISTERIÖN HALLINNONALA,Taide ja kulttuuri,Eräät käyttöoikeuskorvaukset,27648000
Koko budjetti,OPETUS- JA KULTTUURIMINISTERIÖN HALLINNONALA,Taide ja kulttuuri,Avustukset taiteen ja kulttuurin edistämiseen,99535000
Koko budjetti,OPETUS- JA KULTTUURIMINISTERIÖN HALLINNONALA,Taide ja kulttuuri,Apurahat taiteilijoille kirjailijoille ja kääntäjille,18955000
Koko budjetti,OPETUS- JA KULTTUURIMINISTERIÖN HALLINNONALA,Taide ja kulttuuri,Rahapelitoiminnan tuotot taiteen edistämiseen,0
Koko budjetti,OPETUS- JA KULTTUURIMINISTERIÖN HALLINNONALA,Taide ja kulttuuri,Valtionavustus tilakustannuksiin,31263000
Koko budjetti,OPETUS- JA KULTTUURIMINISTERIÖN HALLINNONALA,Taide ja kulttuuri,Digitaalisen kulttuuriperinnön saatavuus ja säilyttäminen,2300000
Koko budjetti,OPETUS- JA KULTTUURIMINISTERIÖN HALLINNONALA,Taide ja kulttuuri,Valtionrahoitus kansallisten taidelaitosten toimintaan,65009000
Koko budjetti,OPETUS- JA KULTTUURIMINISTERIÖN HALLINNONALA,Taide ja kulttuuri,Kansallisgallerian ja valtion taideteostoimikunnan kokoelmien kartuttaminen,1683000
Koko budjetti,OPETUS- JA KULTTUURIMINISTERIÖN HALLINNONALA,Taide ja kulttuuri,Toimitilojen ja kiinteistövarallisuuden perusparannukset ja kunnossapito,3249000
Koko budjetti,OPETUS- JA KULTTUURIMINISTERIÖN HALLINNONALA,Taide ja kulttuuri,Rahoitus Suomen arkkitehtuuri- ja designmuseosäätiölle ja kiinteistöosakeyhtiölle,0
Koko budjetti,OPETUS- JA KULTTUURIMINISTERIÖN HALLINNONALA,Taide ja kulttuuri,Kulttuuriympäristön suojelusta aiheutuvat menot,40000
Koko budjetti,OPETUS- JA KULTTUURIMINISTERIÖN HALLINNONALA,Liikuntatoimi,Liikuntatoimen yhteiset menot,8026000
Koko budjetti,OPETUS- JA KULTTUURIMINISTERIÖN HALLINNONALA,Liikuntatoimi,Valtionosuudet kunnille ja liikunnan koulutuskeskuksille,37287000
Koko budjetti,OPETUS- JA KULTTUURIMINISTERIÖN HALLINNONALA,Liikuntatoimi,Liikunnan ja urheilun edistäminen,55952000
Koko budjetti,OPETUS- JA KULTTUURIMINISTERIÖN HALLINNONALA,Liikuntatoimi,Liikunnallisen elämäntavan ja liikuntaolosuhteiden edistäminen,64201000
Koko budjetti,OPETUS- JA KULTTUURIMINISTERIÖN HALLINNONALA,Liikuntatoimi,Liikunnan ja huippu-urheilun edistäminen,0
Koko budjetti,OPETUS- JA KULTTUURIMINISTERIÖN HALLINNONALA,Nuorisotyö,Nuorisotyön yhteiset menot,712000
Koko budjetti,OPETUS- JA KULTTUURIMINISTERIÖN HALLINNONALA,Nuorisotyö,Valtionosuudet kuntien nuorisotoimeen,7648000
Koko budjetti,OPETUS- JA KULTTUURIMINISTERIÖN HALLINNONALA,Nuorisotyö,Nuorisotyön edistäminen,35662000
Koko budjetti,OPETUS- JA KULTTUURIMINISTERIÖN HALLINNONALA,Nuorisotyö,Nuorten työpajatoiminta etsivä nuorisotyö sekä koulu- ja oppilaitosnuorisotyö,30000000
Koko budjetti,MAA- JA METSÄTALOUSMINISTERIÖN HALLINNONALA,Hallinto ja tutkimus,Maa- ja metsätalousministeriön toimintamenot,24482000
Koko budjetti,MAA- JA METSÄTALOUSMINISTERIÖN HALLINNONALA,Hallinto ja tutkimus,Luonnonvarakeskuksen toimintamenot,85023000
Koko budjetti,MAA- JA METSÄTALOUSMINISTERIÖN HALLINNONALA,Hallinto ja tutkimus,Tutkimus ja kehittäminen,1943000
Koko budjetti,MAA- JA METSÄTALOUSMINISTERIÖN HALLINNONALA,Hallinto ja tutkimus,Maa- ja metsätalousministeriön hallinnonalan arvonlisäveromenot,30652000
Koko budjetti,MAA- JA METSÄTALOUSMINISTERIÖN HALLINNONALA,Hallinto ja tutkimus,Kansainvälinen toiminta,4439000
Koko budjetti,MAA- JA METSÄTALOUSMINISTERIÖN HALLINNONALA,Maaseudun kehittäminen,Maatalouden aloittamis- ja investointiavustukset,114900000
Koko budjetti,MAA- JA METSÄTALOUSMINISTERIÖN HALLINNONALA,Maaseudun kehittäminen,Maaseutuelinkeinotoiminnan korkotuki,40000000
Koko budjetti,MAA- JA METSÄTALOUSMINISTERIÖN HALLINNONALA,Maaseudun kehittäminen,Luopumistuet ja -eläkkeet,15100000
Koko budjetti,MAA- JA METSÄTALOUSMINISTERIÖN HALLINNONALA,Maaseudun kehittäminen,Eläinten hyvinvointikorvaukset,74000000
Koko budjetti,MAA- JA METSÄTALOUSMINISTERIÖN HALLINNONALA,Maaseudun kehittäminen,Valtionavustus maatalouden neuvontapalveluihin ja eräisiin muihin kehittämistoimiin,5226000
Koko budjetti,MAA- JA METSÄTALOUSMINISTERIÖN HALLINNONALA,Maaseudun kehittäminen,Porotalouden edistäminen,2569000
Koko budjetti,MAA- JA METSÄTALOUSMINISTERIÖN HALLINNONALA,Maaseudun kehittäminen,Hevostalouden edistäminen,39192000
Koko budjetti,MAA- JA METSÄTALOUSMINISTERIÖN HALLINNONALA,Maaseudun kehittäminen,Valtionavustus 4H-toimintaan,3955000
Koko budjetti,MAA- JA METSÄTALOUSMINISTERIÖN HALLINNONALA,Maaseudun kehittäminen,Maaseudun kehittäminen,3450000
Koko budjetti,MAA- JA METSÄTALOUSMINISTERIÖN HALLINNONALA,Maaseudun kehittäminen,EU:n ja valtion rahoitusosuus alueelliseen ja paikalliseen maaseudun kehittämiseen,188349000
Koko budjetti,MAA- JA METSÄTALOUSMINISTERIÖN HALLINNONALA,Maa- ja elintarviketalous,Ruokaviraston toimintamenot,79626000
Koko budjetti,MAA- JA METSÄTALOUSMINISTERIÖN HALLINNONALA,Maa- ja elintarviketalous,Eläinlääkintähuolto ja kasvintuhoojien torjunta,5868000
Koko budjetti,MAA- JA METSÄTALOUSMINISTERIÖN HALLINNONALA,Maa- ja elintarviketalous,Maa- ja puutarhatalouden kansallinen tuki,350000000
Koko budjetti,MAA- JA METSÄTALOUSMINISTERIÖN HALLINNONALA,Maa- ja elintarviketalous,EU-tulotuki ja EU-markkinatuki,522400000
Koko budjetti,MAA- JA METSÄTALOUSMINISTERIÖN HALLINNONALA,Maa- ja elintarviketalous,Turvepeltojen ilmastotoimet,0
Koko budjetti,MAA- JA METSÄTALOUSMINISTERIÖN HALLINNONALA,Maa- ja elintarviketalous,Ympäristökorvaukset luonnonmukainen tuotanto neuvonta ja ei-tuotannolliset investoinnit,286816000
Koko budjetti,MAA- JA METSÄTALOUSMINISTERIÖN HALLINNONALA,Maa- ja elintarviketalous,Luonnonhaittakorvaukset,496815000
Koko budjetti,MAA- JA METSÄTALOUSMINISTERIÖN HALLINNONALA,Maa- ja elintarviketalous,EU-rahoitteinen ruokaketjun kehittäminen,11005000
Koko budjetti,MAA- JA METSÄTALOUSMINISTERIÖN HALLINNONALA,Maa- ja elintarviketalous,Ruokaketjun kehittäminen,6282000
Koko budjetti,MAA- JA METSÄTALOUSMINISTERIÖN HALLINNONALA,Maa- ja elintarviketalous,Ravinnekierrätyksen edistäminen biokaasutuotannolla,5000000
Koko budjetti,MAA- JA METSÄTALOUSMINISTERIÖN HALLINNONALA,Maa- ja elintarviketalous,Siirto interventiorahastoon,400000
Koko budjetti,MAA- JA METSÄTALOUSMINISTERIÖN HALLINNONALA,Maa- ja elintarviketalous,Eräät valtionavustukset,6467000
Koko budjetti,MAA- JA METSÄTALOUSMINISTERIÖN HALLINNONALA,Luonnonvaratalous,Kalakannan hoitovelvoitteet,3000000
Koko budjetti,MAA- JA METSÄTALOUSMINISTERIÖN HALLINNONALA,Luonnonvaratalous,Vesivarojen käytön ja hoidon menot,14189000
Koko budjetti,MAA- JA METSÄTALOUSMINISTERIÖN HALLINNONALA,Luonnonvaratalous,Luonnonvara- ja biotalouden edistäminen,4304000
Koko budjetti,MAA- JA METSÄTALOUSMINISTERIÖN HALLINNONALA,Luonnonvaratalous,Vesi- ja kalataloushankkeiden tukeminen,7296000
Koko budjetti,MAA- JA METSÄTALOUSMINISTERIÖN HALLINNONALA,Luonnonvaratalous,Eräät luonnonvaratalouden korvaukset,1541000
Koko budjetti,MAA- JA METSÄTALOUSMINISTERIÖN HALLINNONALA,Luonnonvaratalous,Hirvieläinten aiheuttamien vahinkojen korvaaminen,3590000
Koko budjetti,MAA- JA METSÄTALOUSMINISTERIÖN HALLINNONALA,Luonnonvaratalous,Petoeläinten aiheuttamien vahinkojen korvaaminen,8850000
Koko budjetti,MAA- JA METSÄTALOUSMINISTERIÖN HALLINNONALA,Luonnonvaratalous,Tuki puuntuotannon kestävyyden turvaamiseen,38377000
Koko budjetti,MAA- JA METSÄTALOUSMINISTERIÖN HALLINNONALA,Luonnonvaratalous,Metsäluonnon hoidon edistäminen,11027000
Koko budjetti,MAA- JA METSÄTALOUSMINISTERIÖN HALLINNONALA,Luonnonvaratalous,Valtionavustus Suomen metsäkeskukselle,43025000
Koko budjetti,MAA- JA METSÄTALOUSMINISTERIÖN HALLINNONALA,Luonnonvaratalous,Tuki joutoalueiden metsitykseen,3490000
Koko budjetti,MAA- JA METSÄTALOUSMINISTERIÖN HALLINNONALA,Luonnonvaratalous,Riistatalouden edistäminen,14868000
Koko budjetti,MAA- JA METSÄTALOUSMINISTERIÖN HALLINNONALA,Luonnonvaratalous,Kalatalouden edistäminen,10139000
Koko budjetti,MAA- JA METSÄTALOUSMINISTERIÖN HALLINNONALA,Luonnonvaratalous,Eräät luonnonvaratalouden valtionavustukset,1332000
Koko budjetti,MAA- JA METSÄTALOUSMINISTERIÖN HALLINNONALA,Luonnonvaratalous,Elinkeinokalatalouden edistäminen,25357000
Koko budjetti,MAA- JA METSÄTALOUSMINISTERIÖN HALLINNONALA,Metsähallitus,Metsähallituksen eräät julkiset hallintotehtävät,7244000
Koko budjetti,MAA- JA METSÄTALOUSMINISTERIÖN HALLINNONALA,Maanmittaus ja asunto-osakkeiden kirjaaminen,Maanmittauslaitoksen toimintamenot,51163000
Koko budjetti,MAA- JA METSÄTALOUSMINISTERIÖN HALLINNONALA,Maanmittaus ja asunto-osakkeiden kirjaaminen,Kiinteistötoimitusten tukemisesta aiheutuvat menot,2000000
Koko budjetti,LIIKENNE- JA VIESTINTÄMINISTERIÖN HALLINNONALA,Hallinto ja toimialan yhteiset menot,Liikenne- ja viestintäministeriön toimintamenot,22862000
Koko budjetti,LIIKENNE- JA VIESTINTÄMINISTERIÖN HALLINNONALA,Hallinto ja toimialan yhteiset menot,Liikenne- ja viestintäviraston toimintamenot,95762000
Koko budjetti,LIIKENNE- JA VIESTINTÄMINISTERIÖN HALLINNONALA,Hallinto ja toimialan yhteiset menot,Väyläviraston toimintamenot,62579000
Koko budjetti,LIIKENNE- JA VIESTINTÄMINISTERIÖN HALLINNONALA,Hallinto ja toimialan yhteiset menot,Ilmatieteen laitoksen toimintamenot,49969000
Koko budjetti,LIIKENNE- JA VIESTINTÄMINISTERIÖN HALLINNONALA,Hallinto ja toimialan yhteiset menot,Liikenne- ja viestintäministeriön hallinnonalan arvonlisäveromenot,471468000
Koko budjetti,LIIKENNE- JA VIESTINTÄMINISTERIÖN HALLINNONALA,Hallinto ja toimialan yhteiset menot,Osakehankinnat,9000000
Koko budjetti,LIIKENNE- JA VIESTINTÄMINISTERIÖN HALLINNONALA,Liikenne- ja viestintäverkot,Perusväylänpito,1565751000
Koko budjetti,LIIKENNE- JA VIESTINTÄMINISTERIÖN HALLINNONALA,Liikenne- ja viestintäverkot,Avustukset liikenne- ja viestintäverkkoihin,19940000
Koko budjetti,LIIKENNE- JA VIESTINTÄMINISTERIÖN HALLINNONALA,Liikenne- ja viestintäverkot,Eräät avustukset,12400000
Koko budjetti,LIIKENNE- JA VIESTINTÄMINISTERIÖN HALLINNONALA,Liikenne- ja viestintäverkot,Maa- ja vesialueiden hankinnat ja korvaukset,34997000
Koko budjetti,LIIKENNE- JA VIESTINTÄMINISTERIÖN HALLINNONALA,Liikenne- ja viestintäverkot,Väyläverkon kehittäminen,332620000
Koko budjetti,LIIKENNE- JA VIESTINTÄMINISTERIÖN HALLINNONALA,Liikenne- ja viestintäverkot,Eräät väylähankkeet,0
Koko budjetti,LIIKENNE- JA VIESTINTÄMINISTERIÖN HALLINNONALA,Liikenne- ja viestintäverkot,Elinkaarirahoitushankkeet,104000000
Koko budjetti,LIIKENNE- JA VIESTINTÄMINISTERIÖN HALLINNONALA,Liikenteen ja viestinnän palvelut,Saaristo- ja yhteysalusliikenteen ostot ja kehittäminen,20386000
Koko budjetti,LIIKENNE- JA VIESTINTÄMINISTERIÖN HALLINNONALA,Liikenteen ja viestinnän palvelut,Meriliikenteessä käytettävien alusten kilpailukyvyn parantaminen,89000000
Koko budjetti,LIIKENNE- JA VIESTINTÄMINISTERIÖN HALLINNONALA,Liikenteen ja viestinnän palvelut,Valtionavustus valtakunnallisen laajakaistahankkeen toteuttamiseen,0
Koko budjetti,LIIKENNE- JA VIESTINTÄMINISTERIÖN HALLINNONALA,Liikenteen ja viestinnän palvelut,Avustukset liikenteen ja viestinnän palveluihin,29591000
Koko budjetti,LIIKENNE- JA VIESTINTÄMINISTERIÖN HALLINNONALA,Liikenteen ja viestinnän palvelut,Julkisen henkilöliikenteen palvelujen ostot ja kehittäminen,102424000
Koko budjetti,LIIKENNE- JA VIESTINTÄMINISTERIÖN HALLINNONALA,Liikenteen ja viestinnän palvelut,Siirto valtion televisio- ja radiorahastoon,593652000
Koko budjetti,TYÖ- JA ELINKEINOMINISTERIÖN HALLINNONALA,Hallinto,Työ- ja elinkeinoministeriön toimintamenot,40599000
Koko budjetti,TYÖ- JA ELINKEINOMINISTERIÖN HALLINNONALA,Hallinto,Elinkeino- liikenne- ja ympäristökeskusten toimintamenot,220398000
Koko budjetti,TYÖ- JA ELINKEINOMINISTERIÖN HALLINNONALA,Hallinto,Työ- ja elinkeinotoimistojen toimintamenot,287447000
Koko budjetti,TYÖ- JA ELINKEINOMINISTERIÖN HALLINNONALA,Hallinto,Geologian tutkimuskeskuksen toimintamenot,33578000
Koko budjetti,TYÖ- JA ELINKEINOMINISTERIÖN HALLINNONALA,Hallinto,Innovaatiorahoituskeskus Business Finlandin toimintamenot,99326000
Koko budjetti,TYÖ- JA ELINKEINOMINISTERIÖN HALLINNONALA,Hallinto,Kilpailu- ja kuluttajaviraston toimintamenot,20309000
Koko budjetti,TYÖ- JA ELINKEINOMINISTERIÖN HALLINNONALA,Hallinto,Patentti- ja rekisterihallituksen toimintamenot,14661000
Koko budjetti,TYÖ- JA ELINKEINOMINISTERIÖN HALLINNONALA,Hallinto,Turvallisuus- ja kemikaaliviraston toimintamenot,23534000
Koko budjetti,TYÖ- JA ELINKEINOMINISTERIÖN HALLINNONALA,Hallinto,Energiaviraston toimintamenot,10460000
Koko budjetti,TYÖ- JA ELINKEINOMINISTERIÖN HALLINNONALA,Hallinto,Digitalisaation kehittäminen,25200000
Koko budjetti,TYÖ- JA ELINKEINOMINISTERIÖN HALLINNONALA,Hallinto,Siviilipalvelus,6139000
Koko budjetti,TYÖ- JA ELINKEINOMINISTERIÖN HALLINNONALA,Hallinto,Työ- ja elinkeinoministeriön hallinnonalan arvonlisäveromenot,62072000
Koko budjetti,TYÖ- JA ELINKEINOMINISTERIÖN HALLINNONALA,Hallinto,Valtionavustus kestävää kasvupolitiikkaa edistäville toimijoille,3183000
Koko budjetti,TYÖ- JA ELINKEINOMINISTERIÖN HALLINNONALA,Hallinto,Erityisavustus Teknologian tutkimuskeskus VTT Oy:n tutkimusinfrastruktuuriin,16020000
Koko budjetti,TYÖ- JA ELINKEINOMINISTERIÖN HALLINNONALA,Hallinto,Valtionavustus Teknologian tutkimuskeskus VTT Oy:n toimintaan,118055000
Koko budjetti,TYÖ- JA ELINKEINOMINISTERIÖN HALLINNONALA,Hallinto,Valtionavustus kuluttajajärjestölle,0
Koko budjetti,TYÖ- JA ELINKEINOMINISTERIÖN HALLINNONALA,Hallinto,Valtion osuus merimiespalvelutoiminnasta,2572000
Koko budjetti,TYÖ- JA ELINKEINOMINISTERIÖN HALLINNONALA,Hallinto,Matkustajien paluukuljetukset ja korvaukset,400000
Koko budjetti,TYÖ- JA ELINKEINOMINISTERIÖN HALLINNONALA,Hallinto,Kansainvälisten järjestöjen jäsenmaksut ja rahoitusosuudet,19456000
Koko budjetti,TYÖ- JA ELINKEINOMINISTERIÖN HALLINNONALA,Hallinto,Eräät oikeudenkäyntikulut ja korvaukset,50000
Koko budjetti,TYÖ- JA ELINKEINOMINISTERIÖN HALLINNONALA,Uudistuminen ja vähähiilisyys,Energiatehokkuuden ja uusiutuvan energian käytön edistäminen,3400000
Koko budjetti,TYÖ- JA ELINKEINOMINISTERIÖN HALLINNONALA,Uudistuminen ja vähähiilisyys,Tutkimus- kehittämis- ja innovaatiotoiminnan tukeminen,543673000
Koko budjetti,TYÖ- JA ELINKEINOMINISTERIÖN HALLINNONALA,Uudistuminen ja vähähiilisyys,Energiatuki,449637000
Koko budjetti,TYÖ- JA ELINKEINOMINISTERIÖN HALLINNONALA,Uudistuminen ja vähähiilisyys,Energiaintensiivisen teollisuuden sähköistämistuki,150000000
Koko budjetti,TYÖ- JA ELINKEINOMINISTERIÖN HALLINNONALA,Uudistuminen ja vähähiilisyys,Laivanrakennuksen innovaatiotuki,25500000
Koko budjetti,TYÖ- JA ELINKEINOMINISTERIÖN HALLINNONALA,Uudistuminen ja vähähiilisyys,Julkisen liikennesähkön ja -kaasun lataus- ja tankkausinfrastruktuurin edistäminen,0
Koko budjetti,TYÖ- JA ELINKEINOMINISTERIÖN HALLINNONALA,Uudistuminen ja vähähiilisyys,Uusiutuvan energian tuotantotuki,309131000
Koko budjetti,TYÖ- JA ELINKEINOMINISTERIÖN HALLINNONALA,Uudistuminen ja vähähiilisyys,EU-hankkeiden kansallinen vastinrahoitus tutkimus- ja kehittämistoimintaan,552000
Koko budjetti,TYÖ- JA ELINKEINOMINISTERIÖN HALLINNONALA,Uudistuminen ja vähähiilisyys,Lainat tutkimus- ja innovaatiotoimintaan,143680000
Koko budjetti,TYÖ- JA ELINKEINOMINISTERIÖN HALLINNONALA,Uudistuminen ja vähähiilisyys,Pääomalainat teollisuuden uudistumiseen ja yritysvetoisten liiketoimintaekosysteemien kehittämiseen,4000000
Koko budjetti,TYÖ- JA ELINKEINOMINISTERIÖN HALLINNONALA,Uudistuminen ja vähähiilisyys,Pääomasijoitus Ilmastorahasto Oy:lle,0
Koko budjetti,TYÖ- JA ELINKEINOMINISTERIÖN HALLINNONALA,Uudistuminen ja vähähiilisyys,Pääomasijoitus Lääkekehityskeskus Oy:lle,0
Koko budjetti,TYÖ- JA ELINKEINOMINISTERIÖN HALLINNONALA,Työllisyys ja yrittäjyys,Valtionavustus kunnille Ohjaamoiden monialaisuuden vahvistamiseen,5847000
Koko budjetti,TYÖ- JA ELINKEINOMINISTERIÖN HALLINNONALA,Työllisyys ja yrittäjyys,Turveyrittäjien avustaminen,0
Koko budjetti,TYÖ- JA ELINKEINOMINISTERIÖN HALLINNONALA,Työllisyys ja yrittäjyys,Valtion korvaus kunnille TE -palvelu-uudistuksen muutoskulujen kattamiseen,34000000
Koko budjetti,TYÖ- JA ELINKEINOMINISTERIÖN HALLINNONALA,Työllisyys ja yrittäjyys,Alueiden kestävän kasvun ja elinvoiman tukeminen,10807000
Koko budjetti,TYÖ- JA ELINKEINOMINISTERIÖN HALLINNONALA,Työllisyys ja yrittäjyys,Valtionavustus Työkanava Oy:n toimintaan,5000000
Koko budjetti,TYÖ- JA ELINKEINOMINISTERIÖN HALLINNONALA,Työllisyys ja yrittäjyys,Yritysten kehittämishankkeiden tukeminen,10200000
Koko budjetti,TYÖ- JA ELINKEINOMINISTERIÖN HALLINNONALA,Työllisyys ja yrittäjyys,Alueellinen kuljetustuki,6300000
Koko budjetti,TYÖ- JA ELINKEINOMINISTERIÖN HALLINNONALA,Työllisyys ja yrittäjyys,Julkiset työvoima- ja yrityspalvelut,183971000
Koko budjetti,TYÖ- JA ELINKEINOMINISTERIÖN HALLINNONALA,Työllisyys ja yrittäjyys,Palkkaturva,33460000
Koko budjetti,TYÖ- JA ELINKEINOMINISTERIÖN HALLINNONALA,Työllisyys ja yrittäjyys,Toimet työurien pidentämiseksi,58500000
Koko budjetti,TYÖ- JA ELINKEINOMINISTERIÖN HALLINNONALA,Työllisyys ja yrittäjyys,EU:n ja valtion rahoitusosuus EU:n alue- ja rakennepolitiikan ja muihin koheesiopolitiikan ohjelmiin,643967000
Koko budjetti,TYÖ- JA ELINKEINOMINISTERIÖN HALLINNONALA,Työllisyys ja yrittäjyys,Pääomasijoitus Työkanava Oy:lle,0
Koko budjetti,TYÖ- JA ELINKEINOMINISTERIÖN HALLINNONALA,Työllisyys ja yrittäjyys,Vaikuttavuusinvestointien tuotonmaksu,6000000
Koko budjetti,TYÖ- JA ELINKEINOMINISTERIÖN HALLINNONALA,Yritysten erityisrahoitus,Valtiontuki sähköhuollon varmistamiseksi,900000
Koko budjetti,TYÖ- JA ELINKEINOMINISTERIÖN HALLINNONALA,Yritysten erityisrahoitus,Yritysten kustannustuki,500000
Koko budjetti,TYÖ- JA ELINKEINOMINISTERIÖN HALLINNONALA,Yritysten erityisrahoitus,Yöjunarungon vaunukaluston hankinta,2090000
Koko budjetti,TYÖ- JA ELINKEINOMINISTERIÖN HALLINNONALA,Yritysten erityisrahoitus,Finnvera Oyj:n tappiokorvaukset,65436000
Koko budjetti,TYÖ- JA ELINKEINOMINISTERIÖN HALLINNONALA,Yritysten erityisrahoitus,Korko- ja muu tuki julkisesti tuetuille vienti- ja alusluotoille,142700000
Koko budjetti,TYÖ- JA ELINKEINOMINISTERIÖN HALLINNONALA,Yritysten erityisrahoitus,Siirrot hallinnonalan rahastoihin,20000
Koko budjetti,TYÖ- JA ELINKEINOMINISTERIÖN HALLINNONALA,Yritysten erityisrahoitus,Lainat Finnvera Oyj:n varainhankintaan,10000
Koko budjetti,TYÖ- JA ELINKEINOMINISTERIÖN HALLINNONALA,Yritysten erityisrahoitus,Pääomasijoitus Business Finland Venture Capital Oy:lle,0
Koko budjetti,TYÖ- JA ELINKEINOMINISTERIÖN HALLINNONALA,Yritysten erityisrahoitus,Tuotonvaihtosopimus- ja suojausmenot,0
Koko budjetti,TYÖ- JA ELINKEINOMINISTERIÖN HALLINNONALA,Kotoutuminen ja kansainvälinen osaaminen,Kotoutumisen ja työvoiman maahanmuuton edistäminen,4851000
Koko budjetti,TYÖ- JA ELINKEINOMINISTERIÖN HALLINNONALA,Kotoutuminen ja kansainvälinen osaaminen,Valtion korvaukset kotoutumisen edistämisestä,384250000
Koko budjetti,SOSIAALI- JA TERVEYSMINISTERIÖN HALLINNONALA,Hallinto,Sosiaali- ja terveysministeriön toimintamenot,40947000
Koko budjetti,SOSIAALI- JA TERVEYSMINISTERIÖN HALLINNONALA,Hallinto,Valtion mielisairaaloiden toimintamenot,498000
Koko budjetti,SOSIAALI- JA TERVEYSMINISTERIÖN HALLINNONALA,Hallinto,Terveyden ja hyvinvoinnin laitoksen alaisten lastensuojeluyksiköiden toimintamenot,2810000
Koko budjetti,SOSIAALI- JA TERVEYSMINISTERIÖN HALLINNONALA,Hallinto,Terveyden ja hyvinvoinnin laitoksen alaisen vankiterveydenhuollon yksikön toimintamenot,22466000
Koko budjetti,SOSIAALI- JA TERVEYSMINISTERIÖN HALLINNONALA,Hallinto,Sosiaaliturva-asioiden muutoksenhakulautakunnan toimintamenot,9237000
Koko budjetti,SOSIAALI- JA TERVEYSMINISTERIÖN HALLINNONALA,Hallinto,Vankiterveydenhuollon yksikön ulkopuoliset terveyspalvelut,2800000
Koko budjetti,SOSIAALI- JA TERVEYSMINISTERIÖN HALLINNONALA,Hallinto,Sosiaali- ja terveydenhuollon valtakunnallinen tiedonhallinta,34270000
Koko budjetti,SOSIAALI- JA TERVEYSMINISTERIÖN HALLINNONALA,Hallinto,Sosiaali- ja terveysministeriön hallinnonalan arvonlisäveromenot,30000000
Koko budjetti,SOSIAALI- JA TERVEYSMINISTERIÖN HALLINNONALA,Hallinto,Kansainväliset jäsenmaksut ja maksuosuudet,5969000
Koko budjetti,SOSIAALI- JA TERVEYSMINISTERIÖN HALLINNONALA,Valvonta,Säteilyturvakeskuksen toimintamenot,22128000
Koko budjetti,SOSIAALI- JA TERVEYSMINISTERIÖN HALLINNONALA,Valvonta,Sosiaali- ja terveysalan lupa- ja valvontaviraston toimintamenot,14734000
Koko budjetti,SOSIAALI- JA TERVEYSMINISTERIÖN HALLINNONALA,Valvonta,Lääkealan turvallisuus- ja kehittämiskeskuksen toimintamenot,5035000
Koko budjetti,SOSIAALI- JA TERVEYSMINISTERIÖN HALLINNONALA,Valvonta,Työsuojelun aluehallintoviranomaisten toimintamenot,29663000
Koko budjetti,SOSIAALI- JA TERVEYSMINISTERIÖN HALLINNONALA,Valvonta,Sosiaali- ja terveydenhuollon tietolupaviranomaisen toimintamenot,2200000
Koko budjetti,SOSIAALI- JA TERVEYSMINISTERIÖN HALLINNONALA,Valvonta,Lääkeasioiden tiekartan toimeenpano,2000000
Koko budjetti,SOSIAALI- JA TERVEYSMINISTERIÖN HALLINNONALA,Valvonta,Oikeuslääketieteellisen kuolemansyyn selvittämisen menot,12782000
Koko budjetti,SOSIAALI- JA TERVEYSMINISTERIÖN HALLINNONALA,Tutkimus- ja kehittämistoiminta,Terveyden ja hyvinvoinnin laitoksen toimintamenot,80853000
Koko budjetti,SOSIAALI- JA TERVEYSMINISTERIÖN HALLINNONALA,Tutkimus- ja kehittämistoiminta,Kansalliset osaamiskeskittymät,5000000
Koko budjetti,SOSIAALI- JA TERVEYSMINISTERIÖN HALLINNONALA,Tutkimus- ja kehittämistoiminta,Hyvinvoinnin ja terveyden edistäminen,2000000
Koko budjetti,SOSIAALI- JA TERVEYSMINISTERIÖN HALLINNONALA,Tutkimus- ja kehittämistoiminta,Valtionosuus Työterveyslaitoksen toimintaan,24418000
Koko budjetti,SOSIAALI- JA TERVEYSMINISTERIÖN HALLINNONALA,Tutkimus- ja kehittämistoiminta,Eräät erityishankkeet,8637000
Koko budjetti,SOSIAALI- JA TERVEYSMINISTERIÖN HALLINNONALA,Perhe- ja asumiskustannusten tasaus perustoimeentulotuki ja eräät palvelut,Perhe-etuudet,1638200000
Koko budjetti,SOSIAALI- JA TERVEYSMINISTERIÖN HALLINNONALA,Perhe- ja asumiskustannusten tasaus perustoimeentulotuki ja eräät palvelut,Sotilasavustus,21700000
Koko budjetti,SOSIAALI- JA TERVEYSMINISTERIÖN HALLINNONALA,Perhe- ja asumiskustannusten tasaus perustoimeentulotuki ja eräät palvelut,Asumistuki,1738900000
Koko budjetti,SOSIAALI- JA TERVEYSMINISTERIÖN HALLINNONALA,Perhe- ja asumiskustannusten tasaus perustoimeentulotuki ja eräät palvelut,Vammaisten henkilöiden tulkkauspalvelut,60500000
Koko budjetti,SOSIAALI- JA TERVEYSMINISTERIÖN HALLINNONALA,Perhe- ja asumiskustannusten tasaus perustoimeentulotuki ja eräät palvelut,Perustoimeentulotuki,851050000
Koko budjetti,SOSIAALI- JA TERVEYSMINISTERIÖN HALLINNONALA,Perhe- ja asumiskustannusten tasaus perustoimeentulotuki ja eräät palvelut,Kansaneläkelaitoksen sosiaaliturvarahastojen toimintakulut,519800000
Koko budjetti,SOSIAALI- JA TERVEYSMINISTERIÖN HALLINNONALA,Työttömyysturva,Valtion korvaus hyvinvointialueille kuntouttavan työtoiminnan järjestämisestä,30484000
Koko budjetti,SOSIAALI- JA TERVEYSMINISTERIÖN HALLINNONALA,Työttömyysturva,Valtionosuus työttömyysetuuksien ansioturvasta ja vuorottelukorvauksesta,779460000
Koko budjetti,SOSIAALI- JA TERVEYSMINISTERIÖN HALLINNONALA,Työttömyysturva,Valtionosuus työttömyysetuuksien perusturvasta,1410400000
Koko budjetti,SOSIAALI- JA TERVEYSMINISTERIÖN HALLINNONALA,Työttömyysturva,Valtionosuudet Työllisyysrahastolle,3800000
Koko budjetti,SOSIAALI- JA TERVEYSMINISTERIÖN HALLINNONALA,Sairausvakuutus,Korvaukset rajat ylittävästä terveydenhuollosta,10000000
Koko budjetti,SOSIAALI- JA TERVEYSMINISTERIÖN HALLINNONALA,Sairausvakuutus,Valtion osuus sairausvakuutuslaista johtuvista menoista,2303150000
Koko budjetti,SOSIAALI- JA TERVEYSMINISTERIÖN HALLINNONALA,Eläkkeet,Valtion osuus merimieseläkekassan menoista,67300000
Koko budjetti,SOSIAALI- JA TERVEYSMINISTERIÖN HALLINNONALA,Eläkkeet,Valtion osuus maatalousyrittäjän eläkelaista johtuvista menoista,840900000
Koko budjetti,SOSIAALI- JA TERVEYSMINISTERIÖN HALLINNONALA,Eläkkeet,Valtion osuus yrittäjän eläkelaista johtuvista menoista,505300000
Koko budjetti,SOSIAALI- JA TERVEYSMINISTERIÖN HALLINNONALA,Eläkkeet,Valtion korvaus lapsen hoidon ja opiskelun ajalta kertyvästä eläkkeestä,23300000
Koko budjetti,SOSIAALI- JA TERVEYSMINISTERIÖN HALLINNONALA,Eläkkeet,Valtion osuus maatalousyrittäjien tapaturmavakuutuksen kustannuksista,14500000
Koko budjetti,SOSIAALI- JA TERVEYSMINISTERIÖN HALLINNONALA,Eläkkeet,Valtion osuus kansaneläkelaista ja eräistä muista laeista johtuvista menoista,4065500000
Koko budjetti,SOSIAALI- JA TERVEYSMINISTERIÖN HALLINNONALA,Veteraanien tukeminen,Valtion korvaus sodista kärsineiden huoltoon,700000
Koko budjetti,SOSIAALI- JA TERVEYSMINISTERIÖN HALLINNONALA,Veteraanien tukeminen,Rintamalisät,4700000
Koko budjetti,SOSIAALI- JA TERVEYSMINISTERIÖN HALLINNONALA,Veteraanien tukeminen,Sotilasvammakorvaukset,0
Koko budjetti,SOSIAALI- JA TERVEYSMINISTERIÖN HALLINNONALA,Veteraanien tukeminen,Sotilasvammalain mukaiset korvaukset,42630000
Koko budjetti,SOSIAALI- JA TERVEYSMINISTERIÖN HALLINNONALA,Veteraanien tukeminen,Valtionapu sotainvalidien puolisoiden kuntoutustoimintaan,1080000
Koko budjetti,SOSIAALI- JA TERVEYSMINISTERIÖN HALLINNONALA,Veteraanien tukeminen,Rintama-avustus eräille ulkomaalaisille vapaaehtoisille rintamasotilaille,9000
Koko budjetti,SOSIAALI- JA TERVEYSMINISTERIÖN HALLINNONALA,Veteraanien tukeminen,Eräät kuntoutustoiminnan menot,400000
Koko budjetti,SOSIAALI- JA TERVEYSMINISTERIÖN HALLINNONALA,Veteraanien tukeminen,Rintamaveteraanien kuntoutustoiminnan menot,0
Koko budjetti,SOSIAALI- JA TERVEYSMINISTERIÖN HALLINNONALA,Veteraanien tukeminen,Valtionapu rintamaveteraanien kuntoutustoimintaan,0
Koko budjetti,SOSIAALI- JA TERVEYSMINISTERIÖN HALLINNONALA,Veteraanien tukeminen,Rintamaveteraanien kuntoutus ja kotona asumista tukevat palvelut,85000000
Koko budjetti,SOSIAALI- JA TERVEYSMINISTERIÖN HALLINNONALA,Sosiaali- ja terveydenhuollon tukeminen,Kansallinen lapsistrategia-toiminto,0
Koko budjetti,SOSIAALI- JA TERVEYSMINISTERIÖN HALLINNONALA,Sosiaali- ja terveydenhuollon tukeminen,Valtion korvaus terveydenhuollon ja sosiaalihuollon valtakunnallisen valmiuden kustannuksiin,350000
Koko budjetti,SOSIAALI- JA TERVEYSMINISTERIÖN HALLINNONALA,Sosiaali- ja terveydenhuollon tukeminen,Sosiaali- ja terveydenhuollon kansallinen kehittäminen,2800000
Koko budjetti,SOSIAALI- JA TERVEYSMINISTERIÖN HALLINNONALA,Sosiaali- ja terveydenhuollon tukeminen,Valtion rahoitus terveydenhuollon yksiköille yliopistotasoiseen tutkimukseen sekä sosiaalityön yliopistotasoiseen tutkimukseen,35000000
Koko budjetti,SOSIAALI- JA TERVEYSMINISTERIÖN HALLINNONALA,Sosiaali- ja terveydenhuollon tukeminen,Valtion korvaus sosiaali- ja terveydenhuollon yksiköille sosiaali- ja terveydenhuollon henkilöstön erikoistumiskoulutukseen,108000000
Koko budjetti,SOSIAALI- JA TERVEYSMINISTERIÖN HALLINNONALA,Sosiaali- ja terveydenhuollon tukeminen,Valtion korvaus erinäisistä terveydenhuollon kustannuksista,15700000
Koko budjetti,SOSIAALI- JA TERVEYSMINISTERIÖN HALLINNONALA,Sosiaali- ja terveydenhuollon tukeminen,Valtionosuus korkeakouluopiskelijoiden terveydenhuoltoon,68712000
Koko budjetti,SOSIAALI- JA TERVEYSMINISTERIÖN HALLINNONALA,Sosiaali- ja terveydenhuollon tukeminen,Valtionavustus sosiaali- ja terveyspalvelujen turvaamiseksi,2662000
Koko budjetti,SOSIAALI- JA TERVEYSMINISTERIÖN HALLINNONALA,Sosiaali- ja terveydenhuollon tukeminen,Valtion korvaus hyvinvointialueille kielteisen turvapaikkapäätöksen saaneiden henkilöiden kiireellisen sosiaalihuollon kustannuksiin,2000000
Koko budjetti,SOSIAALI- JA TERVEYSMINISTERIÖN HALLINNONALA,Sosiaali- ja terveydenhuollon tukeminen,Palvelurakenteen kehittäminen,300000
Koko budjetti,SOSIAALI- JA TERVEYSMINISTERIÖN HALLINNONALA,Sosiaali- ja terveydenhuollon tukeminen,Valtion rahoitus lääkäri- ja lääkintähelikopteritoiminnan menoihin,47500000
Koko budjetti,SOSIAALI- JA TERVEYSMINISTERIÖN HALLINNONALA,Sosiaali- ja terveydenhuollon tukeminen,Valtion rahoitus turvakotitoiminnan menoihin,26550000
Koko budjetti,SOSIAALI- JA TERVEYSMINISTERIÖN HALLINNONALA,Sosiaali- ja terveydenhuollon tukeminen,Elpymis- ja palautumissuunnitelman rahoitus sosiaali- ja terveydenhuoltoon,43000000
Koko budjetti,SOSIAALI- JA TERVEYSMINISTERIÖN HALLINNONALA,Sosiaali- ja terveydenhuollon tukeminen,Valtionavustus sosiaalialan osaamiskeskusten toimintaan,2450000
Koko budjetti,SOSIAALI- JA TERVEYSMINISTERIÖN HALLINNONALA,Sosiaali- ja terveydenhuollon tukeminen,Valtion korvaus rikosasioiden sovittelun järjestämisen kustannuksiin,7100000
Koko budjetti,SOSIAALI- JA TERVEYSMINISTERIÖN HALLINNONALA,Terveyden ja toimintakyvyn edistäminen,Rokotteiden hankinta,42440000
Koko budjetti,SOSIAALI- JA TERVEYSMINISTERIÖN HALLINNONALA,Terveyden ja toimintakyvyn edistäminen,Terveysvalvonta,460000
Koko budjetti,SOSIAALI- JA TERVEYSMINISTERIÖN HALLINNONALA,Terveyden ja toimintakyvyn edistäminen,Tartuntatautien valvonta,460000
Koko budjetti,SOSIAALI- JA TERVEYSMINISTERIÖN HALLINNONALA,Terveyden ja toimintakyvyn edistäminen,Terveyden edistäminen,11525000
Koko budjetti,SOSIAALI- JA TERVEYSMINISTERIÖN HALLINNONALA,Terveyden ja toimintakyvyn edistäminen,Valtion korvaus työterveyshuollon erikoislääkärikoulutuksesta aiheutuviin kustannuksiin,2900000
Koko budjetti,SOSIAALI- JA TERVEYSMINISTERIÖN HALLINNONALA,Terveyden ja toimintakyvyn edistäminen,Valtionavustus UKK-instituutin toimintaan,928000
Koko budjetti,SOSIAALI- JA TERVEYSMINISTERIÖN HALLINNONALA,Maatalousyrittäjien ja turkistuottajien lomitustoiminta,Valtion korvaus maatalousyrittäjien lomituspalvelujen kustannuksiin,112000000
Koko budjetti,SOSIAALI- JA TERVEYSMINISTERIÖN HALLINNONALA,Maatalousyrittäjien ja turkistuottajien lomitustoiminta,Valtion korvaus turkistuottajien lomituspalvelujen kustannuksiin,1700000
Koko budjetti,SOSIAALI- JA TERVEYSMINISTERIÖN HALLINNONALA,Maatalousyrittäjien ja turkistuottajien lomitustoiminta,Valtion korvaus poronhoitajien sijaisavun kustannuksiin,450000
Koko budjetti,SOSIAALI- JA TERVEYSMINISTERIÖN HALLINNONALA,Maatalousyrittäjien ja turkistuottajien lomitustoiminta,Valtion korvaus maatalousyrittäjien ja turkistuottajien lomituspalvelujen hallintomenoihin,15160000
Koko budjetti,SOSIAALI- JA TERVEYSMINISTERIÖN HALLINNONALA,Avustukset terveyden ja sosiaalisen hyvinvoinnin edistämiseen,Avustukset yhdistyksille ja säätiöille terveyden ja sosiaalisen hyvinvoinnin edistämiseen,383588000
Koko budjetti,YMPÄRISTÖMINISTERIÖN HALLINNONALA,Ympäristöhallinnon toimintamenot,Ympäristöministeriön toimintamenot,36164000
Koko budjetti,YMPÄRISTÖMINISTERIÖN HALLINNONALA,Ympäristöhallinnon toimintamenot,Suomen ympäristökeskuksen toimintamenot,33136000
Koko budjetti,YMPÄRISTÖMINISTERIÖN HALLINNONALA,Ympäristöhallinnon toimintamenot,Ympäristöministeriön hallinnonalan arvonlisäveromenot,12435000
Koko budjetti,YMPÄRISTÖMINISTERIÖN HALLINNONALA,Ympäristöhallinnon toimintamenot,Avustukset järjestöille ja ympäristönhoitoon,2575000
Koko budjetti,YMPÄRISTÖMINISTERIÖN HALLINNONALA,Ympäristön- ja luonnonsuojelu,Ympäristövahinkojen ehkäiseminen ja jälkihoito,2260000
Koko budjetti,YMPÄRISTÖMINISTERIÖN HALLINNONALA,Ympäristön- ja luonnonsuojelu,Eräät luonnonsuojelun menot,15590000
Koko budjetti,YMPÄRISTÖMINISTERIÖN HALLINNONALA,Ympäristön- ja luonnonsuojelu,Eräät ympäristömenot,7120000
Koko budjetti,YMPÄRISTÖMINISTERIÖN HALLINNONALA,Ympäristön- ja luonnonsuojelu,Itämeren ja vesien suojelun edistäminen,11735000
Koko budjetti,YMPÄRISTÖMINISTERIÖN HALLINNONALA,Ympäristön- ja luonnonsuojelu,Avustukset kuntien ilmastosuunnitelmiin,0
Koko budjetti,YMPÄRISTÖMINISTERIÖN HALLINNONALA,Ympäristön- ja luonnonsuojelu,Metsähallituksen julkiset hallintotehtävät,49640000
Koko budjetti,YMPÄRISTÖMINISTERIÖN HALLINNONALA,Ympäristön- ja luonnonsuojelu,Siirto Öljysuojarahastoon,0
Koko budjetti,YMPÄRISTÖMINISTERIÖN HALLINNONALA,Ympäristön- ja luonnonsuojelu,Vesien- ja ympäristönhoidon tukeminen,6292000
Koko budjetti,YMPÄRISTÖMINISTERIÖN HALLINNONALA,Ympäristön- ja luonnonsuojelu,Luonnonsuojelualueiden hankinta- ja korvausmenot,37630000
Koko budjetti,YMPÄRISTÖMINISTERIÖN HALLINNONALA,Ympäristön- ja luonnonsuojelu,Kansainvälisen yhteistyön jäsenmaksut ja rahoitusosuudet,2162000
Koko budjetti,YMPÄRISTÖMINISTERIÖN HALLINNONALA,Yhdyskunnat rakentaminen ja asuminen,Asumisen rahoitus- ja kehittämiskeskuksen toimintamenot,6216000
Koko budjetti,YMPÄRISTÖMINISTERIÖN HALLINNONALA,Yhdyskunnat rakentaminen ja asuminen,Rakennetun ympäristön digitaalisen rekisterin ja alustan luominen,3000000
Koko budjetti,YMPÄRISTÖMINISTERIÖN HALLINNONALA,Yhdyskunnat rakentaminen ja asuminen,Vähähiilisen rakennetun ympäristön ohjelma,0
Koko budjetti,YMPÄRISTÖMINISTERIÖN HALLINNONALA,Yhdyskunnat rakentaminen ja asuminen,Asumisneuvonnan kehittäminen ja laajentaminen,2000000
Koko budjetti,YMPÄRISTÖMINISTERIÖN HALLINNONALA,Yhdyskunnat rakentaminen ja asuminen,Avustukset kuntien kiinteistöjen öljylämmityksestä luopumiseen,0
Koko budjetti,YMPÄRISTÖMINISTERIÖN HALLINNONALA,Yhdyskunnat rakentaminen ja asuminen,Avustukset alueiden käytön ja rakentamisen digitalisaatioon,3700000
Koko budjetti,YMPÄRISTÖMINISTERIÖN HALLINNONALA,Yhdyskunnat rakentaminen ja asuminen,Avustukset vihreää siirtymää tukevan rakentamisen toteuttamiseen,0
Koko budjetti,YMPÄRISTÖMINISTERIÖN HALLINNONALA,Yhdyskunnat rakentaminen ja asuminen,Avustukset asuinrakennusten sähköisen liikenteen infrastruktuurin edistämiseen,0
Koko budjetti,YMPÄRISTÖMINISTERIÖN HALLINNONALA,Yhdyskunnat rakentaminen ja asuminen,Avustukset työpaikkakiinteistöjen sähköisen liikenteen infrastruktuurin edistämiseen,0
Koko budjetti,YMPÄRISTÖMINISTERIÖN HALLINNONALA,Yhdyskunnat rakentaminen ja asuminen,Avustukset korjaustoimintaan,9550000
Koko budjetti,YMPÄRISTÖMINISTERIÖN HALLINNONALA,Yhdyskunnat rakentaminen ja asuminen,Avustukset asuinrakennusten öljy- ja kaasulämmityksestä luopumiseksi,0
Koko budjetti,YMPÄRISTÖMINISTERIÖN HALLINNONALA,Yhdyskunnat rakentaminen ja asuminen,Siirto Valtion asuntorahastoon,0
Koko budjetti,YMPÄRISTÖMINISTERIÖN HALLINNONALA,Yhdyskunnat rakentaminen ja asuminen,Avustukset rakennusperinnön hoitoon,1700000
Koko budjetti,VALTIONVELAN KOROT,Valtionvelan korko,Valtionvelan korko,3155000000
Koko budjetti,VALTIONVELAN KOROT,Muut menot valtionvelasta,Palkkiot ja muut menot valtionvelasta,21510000
